tenant_id;empresa_id;item_id;codigo;item;saldo_atual;sugestao_ajuste_para_zero;ent_total;sai_total;ajuste_total;ent_os_nf;sai_os_sem_origem;sai_com_origem;qtd_os_refs;flag_dupla_saida_prob
3ced7cfa-efbb-4f0f-addc-2028f60d1ca7;f0e74f49-a127-46b4-901b-f7b37e43c690;1462;800304;TUBO QD 40X40X2,00X6.000MM PECA(S): 35;-520.555;520.555;520.555;3123.33;2082.22;520.555;1041.11;2082.22;1;false
3ced7cfa-efbb-4f0f-addc-2028f60d1ca7;f0e74f49-a127-46b4-901b-f7b37e43c690;1223;12235;1040669| WQG1-M25B/AD21.2 TERMINACAO RETA ENGATE RAPIDO M-25X1.5 (PRETO);-318;318;318;636;0;0;0;0;0;false
3ced7cfa-efbb-4f0f-addc-2028f60d1ca7;f0e74f49-a127-46b4-901b-f7b37e43c690;1224;6697;1040290| GMK-M25B CONTRA PORCA M-25X1.5 (PRETO);-264;264;312;576;0;0;0;0;0;false
3ced7cfa-efbb-4f0f-addc-2028f60d1ca7;f0e74f49-a127-46b4-901b-f7b37e43c690;1059;6237;1040277| WQSG AD21.2B SUPORTE FECHADO AD-21.0 (PRETO);-261;261;305;566;0;0;0;0;0;false
3ced7cfa-efbb-4f0f-addc-2028f60d1ca7;f0e74f49-a127-46b4-901b-f7b37e43c690;1070;8570;1040440| WQG1-M20B/AD21.2 TERMINACAO RETA ENGATE RAPIDO M-20X1.5 (PRETA);-238;238;280;518;0;0;0;0;0;false
3ced7cfa-efbb-4f0f-addc-2028f60d1ca7;f0e74f49-a127-46b4-901b-f7b37e43c690;1074;7121;1040368| GMK-M20B CONTRA PORCA M-20X1.5 (PRETO);-216;216;293;509;0;0;0;0;0;false
3ced7cfa-efbb-4f0f-addc-2028f60d1ca7;f0e74f49-a127-46b4-901b-f7b37e43c690;1058;6235;1040275| WQSG AD15.8B SUPORTE FECHADO AD-15.8 (PRETO);-200;200;240;440;0;0;0;0;0;false
3ced7cfa-efbb-4f0f-addc-2028f60d1ca7;f0e74f49-a127-46b4-901b-f7b37e43c690;911;158001008212;FIXADOR AUTO ADESIVO 32X25MM LKCS/A PT               HELLERMANN;-200;200;200;400;0;0;0;0;0;false
3ced7cfa-efbb-4f0f-addc-2028f60d1ca7;f0e74f49-a127-46b4-901b-f7b37e43c690;1071;5211;1040214| GMK-G1/2B CONTRA PORCA GAS 1/2" (PRETO);-187;187;226;413;0;0;0;0;0;false
3ced7cfa-efbb-4f0f-addc-2028f60d1ca7;f0e74f49-a127-46b4-901b-f7b37e43c690;250;3RV29011E;CONTATO AUX. FRONTAL INNOV 3RV2901-1E;-142;142;160;302;0;0;0;0;0;false
3ced7cfa-efbb-4f0f-addc-2028f60d1ca7;f0e74f49-a127-46b4-901b-f7b37e43c690;971;3SU19000AC810AA0;PLACA DE IDENT. AUTO ADESIVA OU ENCAIXE;-130;130;130;260;0;130;0;0;0;false
3ced7cfa-efbb-4f0f-addc-2028f60d1ca7;f0e74f49-a127-46b4-901b-f7b37e43c690;1073;5204;1040207| GMK-G3/8B CONTRA PORCA GAS 3/8" (PRETO);-120;120;165;285;0;0;0;0;0;false
3ced7cfa-efbb-4f0f-addc-2028f60d1ca7;f0e74f49-a127-46b4-901b-f7b37e43c690;208;5SL11067MB;DISJ 1P C 6A 5SL1 106-7MB;-109;109;169;284;6;0;4;6;2;false
3ced7cfa-efbb-4f0f-addc-2028f60d1ca7;f0e74f49-a127-46b4-901b-f7b37e43c690;1057;5250;1040238| WQSG AD13.0B SUPORTE FECHADO AD-13.0 (PRETO);-107;107;170;277;0;0;0;0;0;false
3ced7cfa-efbb-4f0f-addc-2028f60d1ca7;f0e74f49-a127-46b4-901b-f7b37e43c690;1064;6680;1040282| WQG1-P09B/AD13.0 TERMINACAO RETA ENGATE RAPIDO PG-9 ( PRETO );-103;103;115;218;0;0;0;0;0;false
3ced7cfa-efbb-4f0f-addc-2028f60d1ca7;f0e74f49-a127-46b4-901b-f7b37e43c690;1533;54028077483;CABO FLEX 750V  10,00MM PT 70G CL5 NM247-3                  RCM;-100;100;100;200;0;0;0;0;0;false
3ced7cfa-efbb-4f0f-addc-2028f60d1ca7;f0e74f49-a127-46b4-901b-f7b37e43c690;209;5SL11107MB;DISJ 1P C 10A 5SL1 110-7MB;-97;97;158;255;0;0;0;0;0;false
3ced7cfa-efbb-4f0f-addc-2028f60d1ca7;f0e74f49-a127-46b4-901b-f7b37e43c690;1221;17062;1040852| WQG1-M20B/AD18.5 TERMINACAO RETA ENGATE RAPIDO M-20X1.5 (PRETA);-95;95;95;190;0;0;0;0;0;false
3ced7cfa-efbb-4f0f-addc-2028f60d1ca7;f0e74f49-a127-46b4-901b-f7b37e43c690;1067;11526;1040607| WQG1-G1/2B/AD15.8 TERMINACAO RETA ENGATE RAPIDO GAS 1/2" (PRETO);-89;89;145;234;0;0;0;0;0;false
3ced7cfa-efbb-4f0f-addc-2028f60d1ca7;f0e74f49-a127-46b4-901b-f7b37e43c690;1461;54034059583;CABO EPR 1KV-FLEX 90G 3X10,00MM PT                       CORFIO;-80;80;80;160;0;0;0;0;0;false
3ced7cfa-efbb-4f0f-addc-2028f60d1ca7;f0e74f49-a127-46b4-901b-f7b37e43c690;735;3RA19211DA00;CONEXAO 3RV S00S0 C 3RT S00 PARAFUSO;-80;80;80;160;0;0;0;0;0;false
3ced7cfa-efbb-4f0f-addc-2028f60d1ca7;f0e74f49-a127-46b4-901b-f7b37e43c690;736;5SL13167MB;DISJ 3P C 16A 5SL1 316-7MB;-74;74;85;161;2;0;1;2;1;false
3ced7cfa-efbb-4f0f-addc-2028f60d1ca7;f0e74f49-a127-46b4-901b-f7b37e43c690;801;3RT20171AB01;CONTATOR AC3:12A 1NA 24V 5060HZ PARAF;-66;66;66;132;0;0;0;0;0;false
3ced7cfa-efbb-4f0f-addc-2028f60d1ca7;f0e74f49-a127-46b4-901b-f7b37e43c690;1068;6208;1040266| WQG1-M16B/AD15.8 TERMINACAO RETA ENGATE RAPIDO M-16X1.5 (PRETO);-65;65;92;157;0;0;0;0;0;false
3ced7cfa-efbb-4f0f-addc-2028f60d1ca7;f0e74f49-a127-46b4-901b-f7b37e43c690;1574;CFOP6102;ROLETE TRACAO  50,8 X 450X 510 X 15 M8 ASA 40X14Z;-65;65;195;780;520;65;260;520;1;false
3ced7cfa-efbb-4f0f-addc-2028f60d1ca7;f0e74f49-a127-46b4-901b-f7b37e43c690;207;5SL11047MB;DISJ 1P C 4A 5SL1 104-7MB;-63;63;112;175;0;0;0;0;0;false
3ced7cfa-efbb-4f0f-addc-2028f60d1ca7;f0e74f49-a127-46b4-901b-f7b37e43c690;181;3RH29111HA11;BLOC.CONT.AUX.FRONT 1NA+1NF S00-S3 PARAF;-61;61;113;174;0;0;0;0;0;false
3ced7cfa-efbb-4f0f-addc-2028f60d1ca7;f0e74f49-a127-46b4-901b-f7b37e43c690;1225;16724;1040848| WQG1-M10B/AD10.0 TERMINACAO RETA ENGATE RAPIDO M-10X1.5 (PRETO);-60;60;60;120;0;0;0;0;0;false
3ced7cfa-efbb-4f0f-addc-2028f60d1ca7;f0e74f49-a127-46b4-901b-f7b37e43c690;1464;800655;CHAPA PRETA 2,00 1200X3000MM PECA(S): 1;-58.258;58.258;58.258;349.548;233.032;58.258;116.516;233.032;1;false
3ced7cfa-efbb-4f0f-addc-2028f60d1ca7;f0e74f49-a127-46b4-901b-f7b37e43c690;259;3RV20111JA10;DISJUNTOR INNOV 3RV2011-1JA10 7-10A;-56;56;75;131;0;0;0;0;0;false
3ced7cfa-efbb-4f0f-addc-2028f60d1ca7;f0e74f49-a127-46b4-901b-f7b37e43c690;1222;5447;1040245| GMK-P16B CONTRA PORCA PG-16 (PRETO);-52;52;100;152;0;0;0;0;0;false
3ced7cfa-efbb-4f0f-addc-2028f60d1ca7;f0e74f49-a127-46b4-901b-f7b37e43c690;726;5SL13107MB;DISJ 3P C 10A 5SL1 310-7MB;-51;51;62;117;4;0;3;4;1;false
3ced7cfa-efbb-4f0f-addc-2028f60d1ca7;f0e74f49-a127-46b4-901b-f7b37e43c690;821;3RQ31182AM00;RELE DE INTERFACE 3RQ3118-2AM00;-50;50;50;100;0;0;0;0;0;false
3ced7cfa-efbb-4f0f-addc-2028f60d1ca7;f0e74f49-a127-46b4-901b-f7b37e43c690;1079;6204;1040264| GMK-P09B CONTRA PORCA PG-9 (PRETO);-48;48;95;143;0;0;0;0;0;false
3ced7cfa-efbb-4f0f-addc-2028f60d1ca7;f0e74f49-a127-46b4-901b-f7b37e43c690;724;5SL13327MB;DISJ 3P C 32A 5SL1 332-7MB;-46;46;50;96;0;0;0;0;0;false
3ced7cfa-efbb-4f0f-addc-2028f60d1ca7;f0e74f49-a127-46b4-901b-f7b37e43c690;876;GA50U2004ABA;CONVERSOR FREQ TRIF GA500, 220V, 3,5/3,0A, IP20;-46;46;48;94;0;0;0;0;0;false
3ced7cfa-efbb-4f0f-addc-2028f60d1ca7;f0e74f49-a127-46b4-901b-f7b37e43c690;1065;5196;1040200| WQG1-G3/8B/AD13.0 TERMINACAO RETA ENGATE RAPIDO GAS 3/8" (PRETO);-45;45;80;125;0;0;0;0;0;false
3ced7cfa-efbb-4f0f-addc-2028f60d1ca7;f0e74f49-a127-46b4-901b-f7b37e43c690;1463;800652;CHAPA PRETA 1,50 1200X3000MM PECA(S): 1;-42.209;42.209;42.209;253.25400000000002;168.836;42.209;84.418;168.836;1;false
3ced7cfa-efbb-4f0f-addc-2028f60d1ca7;f0e74f49-a127-46b4-901b-f7b37e43c690;1069;6223;1040269| WQG1-P13B/AD18.5 TERMINACAO RETA ENGATE RAPIDO PG-13.5 (PRETO);-40;40;60;100;0;0;0;0;0;false
3ced7cfa-efbb-4f0f-addc-2028f60d1ca7;f0e74f49-a127-46b4-901b-f7b37e43c690;732;6ES71936BP000BA0;ET200sp: Base: A0, BU15-P16A02B;-40;40;54;94;0;0;0;0;0;false
3ced7cfa-efbb-4f0f-addc-2028f60d1ca7;f0e74f49-a127-46b4-901b-f7b37e43c690;1233;5197;1040201| WQG1-G3/4B/AD28.5 TERMINACAO RETA ENGATE RAPIDO GAS 3/4" (PRETO);-39;39;70;109;0;0;0;0;0;false
3ced7cfa-efbb-4f0f-addc-2028f60d1ca7;f0e74f49-a127-46b4-901b-f7b37e43c690;763;3RT20161AN21;CONTATOR AC3:9A 1NA 220VCA 5060 HZ PF;-39;39;41;80;0;0;0;0;0;false
3ced7cfa-efbb-4f0f-addc-2028f60d1ca7;f0e74f49-a127-46b4-901b-f7b37e43c690;1108;12542266;CONTATOR CWB18-11-30C03 24V DC;-38;38;38;76;0;38;0;0;0;false
3ced7cfa-efbb-4f0f-addc-2028f60d1ca7;f0e74f49-a127-46b4-901b-f7b37e43c690;745;5SV53420MB;DR 3PN 25A 30MA, AC, 5SV5 342-0MB;-34;34;34;68;0;0;0;0;0;false
3ced7cfa-efbb-4f0f-addc-2028f60d1ca7;f0e74f49-a127-46b4-901b-f7b37e43c690;1467;BQEMA40-1CLB;EMENDA SIMPLES ASA40-1 - PEDIDO 2025/116598 -;-33;33;33;198;132;33;66;132;1;false
3ced7cfa-efbb-4f0f-addc-2028f60d1ca7;f0e74f49-a127-46b4-901b-f7b37e43c690;1077;5208;1040211| GMK-P11B CONTRA PORCA PG-11 (PRETO);-32;32;60;92;0;0;0;0;0;false
3ced7cfa-efbb-4f0f-addc-2028f60d1ca7;f0e74f49-a127-46b4-901b-f7b37e43c690;1232;5445;1040244| WQG1-P16B/AD21.2 TERMINACAO RETA ENGATE RAPIDO PG-16 ( PRETO );-32;32;60;92;0;0;0;0;0;false
3ced7cfa-efbb-4f0f-addc-2028f60d1ca7;f0e74f49-a127-46b4-901b-f7b37e43c690;689;5SL12047MB;DISJ 2P C 4A 5SL1 204-7MB;-31;31;35;66;0;0;0;0;0;false
3ced7cfa-efbb-4f0f-addc-2028f60d1ca7;f0e74f49-a127-46b4-901b-f7b37e43c690;781;3RA29112AA00;CONEXAO 3RV S00 C 3RT S00 MOLA;-30;30;30;60;0;0;0;0;0;false
3ced7cfa-efbb-4f0f-addc-2028f60d1ca7;f0e74f49-a127-46b4-901b-f7b37e43c690;1290;19433;1040958| WQG1-M32B/AD28.5 TERMINACAO RETA ENGATE RAPIDO M-32X1.5 (PRETO);-30;30;30;60;0;0;0;0;0;false
3ced7cfa-efbb-4f0f-addc-2028f60d1ca7;f0e74f49-a127-46b4-901b-f7b37e43c690;1050;14720;1100031| TS-1/8 TERMINAL ILHOS SIMPLES VERMELHO (PCT C/100 PECAS);-30;30;230;260;0;0;0;0;0;false
3ced7cfa-efbb-4f0f-addc-2028f60d1ca7;f0e74f49-a127-46b4-901b-f7b37e43c690;916;5ST3768;BORNE ISOLADO CONEX. LATERAL 5ST3768;-30;30;30;60;0;0;0;0;0;false
3ced7cfa-efbb-4f0f-addc-2028f60d1ca7;f0e74f49-a127-46b4-901b-f7b37e43c690;1306;11843;1040623| WQW1-G11/4B/AD42.5 TERMINACAO CURVA ENGATE RAPIDO G1 1/4" (PRETO);-30;30;30;60;0;0;0;0;0;false
3ced7cfa-efbb-4f0f-addc-2028f60d1ca7;f0e74f49-a127-46b4-901b-f7b37e43c690;1234;8238;1040423| GMK-G1/4B CONTRA PORCA GAS 1/4" (PRETO);-30;30;50;80;0;0;0;0;0;false
3ced7cfa-efbb-4f0f-addc-2028f60d1ca7;f0e74f49-a127-46b4-901b-f7b37e43c690;1307;12033;1040640| WQG1-G1/4B/AD10.0 TERMINACAO RETA ENGATE RAPIDO GAS 1/4" (PRETA);-30;30;30;60;0;0;0;0;0;false
3ced7cfa-efbb-4f0f-addc-2028f60d1ca7;f0e74f49-a127-46b4-901b-f7b37e43c690;910;2026036192;ABRACADEIRA NYLON 6.6  100X2,5MM PT UV F7010UVPR100     FRONTEC;-30;30;30;60;0;0;0;0;0;false
3ced7cfa-efbb-4f0f-addc-2028f60d1ca7;f0e74f49-a127-46b4-901b-f7b37e43c690;1304;6206;1040265| WQG1-M18B/AD15.8 TERMINACAO RETA ENGATE RAPIDO M-18X1.5 (PRETO);-29;29;30;59;0;0;0;0;0;false
3ced7cfa-efbb-4f0f-addc-2028f60d1ca7;f0e74f49-a127-46b4-901b-f7b37e43c690;1137;54034088583;CABO EPR 1KV-FLEX 90G   16,00MM BC                       CORFIO;-27;27;27;54;0;0;0;0;0;false
3ced7cfa-efbb-4f0f-addc-2028f60d1ca7;f0e74f49-a127-46b4-901b-f7b37e43c690;1143;54034089583;CABO EPR 1KV-FLEX 90G   16,00MM VM                       CORFIO;-27;27;27;54;0;0;0;0;0;false
3ced7cfa-efbb-4f0f-addc-2028f60d1ca7;f0e74f49-a127-46b4-901b-f7b37e43c690;248;3RT20261AN20;CONTATOR AC3:25A 1NA1NF 220V 5060HZ PF;-27;27;31;58;0;0;0;0;0;false
3ced7cfa-efbb-4f0f-addc-2028f60d1ca7;f0e74f49-a127-46b4-901b-f7b37e43c690;1605;10076457;MINIDISJUNTOR MDW-C 50A 3P;-26;26;145;101;-70;0;0;0;0;false
3ced7cfa-efbb-4f0f-addc-2028f60d1ca7;f0e74f49-a127-46b4-901b-f7b37e43c690;722;5SL11106MB;DISJ 1P B 10A 5SL1 110-6MB;-26;26;26;52;0;0;0;0;0;false
3ced7cfa-efbb-4f0f-addc-2028f60d1ca7;f0e74f49-a127-46b4-901b-f7b37e43c690;182;3RT20151BB42;CONTATOR AC3:7A 1NF 24VCC PARAFUSO;-26;26;57;83;0;0;0;0;0;false
3ced7cfa-efbb-4f0f-addc-2028f60d1ca7;f0e74f49-a127-46b4-901b-f7b37e43c690;723;5SL11207MB;DISJ 1P C 20A 5SL1 120-7MB;-25;25;51;76;0;0;0;0;0;false
3ced7cfa-efbb-4f0f-addc-2028f60d1ca7;f0e74f49-a127-46b4-901b-f7b37e43c690;1063;5195;1040199| WQG1-M12B/AD13.0 TERMINACAO RETA ENGATE RAPIDO M-12X1.5 (PRETO);-25;25;55;80;0;0;0;0;0;false
3ced7cfa-efbb-4f0f-addc-2028f60d1ca7;f0e74f49-a127-46b4-901b-f7b37e43c690;1056;11245;1040597| WQSG AD10.0B SUPORTE FECHADO AD-10.0 (PRETO);-25;25;70;95;0;0;0;0;0;false
3ced7cfa-efbb-4f0f-addc-2028f60d1ca7;f0e74f49-a127-46b4-901b-f7b37e43c690;1072;5203;1040206| GMK-M12B CONTRA PORCA M-12X1.5 (PRETO);-25;25;75;100;0;0;0;0;0;false
3ced7cfa-efbb-4f0f-addc-2028f60d1ca7;f0e74f49-a127-46b4-901b-f7b37e43c690;211;5SL13257MB;DISJ 3P C 25A 5SL1 325-7MB;-24;24;25;49;0;0;0;0;0;false
3ced7cfa-efbb-4f0f-addc-2028f60d1ca7;f0e74f49-a127-46b4-901b-f7b37e43c690;790;3RT20251BB40;CONTATOR AC3:17A 1NA1NF 24VCC PF;-23;23;33;56;0;0;0;0;0;false
3ced7cfa-efbb-4f0f-addc-2028f60d1ca7;f0e74f49-a127-46b4-901b-f7b37e43c690;1103;12428117;DISJUNTOR-MOTOR AZ MPW40-3-U010 AZUL 6,3-10 A;-22;22;22;44;0;22;0;0;0;false
3ced7cfa-efbb-4f0f-addc-2028f60d1ca7;f0e74f49-a127-46b4-901b-f7b37e43c690;249;3RT20181AN22;CONTATOR AC3:16A 1NF 220V 5060HZ PARAF;-21;21;22;43;0;0;0;0;0;false
3ced7cfa-efbb-4f0f-addc-2028f60d1ca7;f0e74f49-a127-46b4-901b-f7b37e43c690;1133;184009062263;JUNCAO INTERNA I 38X38MM PZ #22 JJI38X38Z                   JEA;-20;20;20;40;0;0;0;0;0;false
3ced7cfa-efbb-4f0f-addc-2028f60d1ca7;f0e74f49-a127-46b4-901b-f7b37e43c690;422;61010008138-DUP422;CANALETA REC ABERTO  30X 80MM 2MT (BXA) CZ 105078     DUTOPLAST;-20;20;23;43;0;0;0;0;0;false
3ced7cfa-efbb-4f0f-addc-2028f60d1ca7;f0e74f49-a127-46b4-901b-f7b37e43c690;193;3RH29111FA40;BLOCO CONT.AUX.FRONTAL 4NA S00-S3 PARAF;-20;20;48;68;0;0;0;0;0;false
3ced7cfa-efbb-4f0f-addc-2028f60d1ca7;f0e74f49-a127-46b4-901b-f7b37e43c690;792;3RT20281AG20;CONTATOR AC3:38A 1NA1NF 110V 5060HZ PF;-20;20;20;40;0;0;0;0;0;false
3ced7cfa-efbb-4f0f-addc-2028f60d1ca7;f0e74f49-a127-46b4-901b-f7b37e43c690;824;3RQ39010D;PENTE DE CONEXÃO 16-POLOS;-20;20;20;40;0;0;0;0;0;false
3ced7cfa-efbb-4f0f-addc-2028f60d1ca7;f0e74f49-a127-46b4-901b-f7b37e43c690;747;5SL13067MB;DISJ 3P C 6A 5SL1 306-7MB;-20;20;24;50;6;0;4;6;2;false
3ced7cfa-efbb-4f0f-addc-2028f60d1ca7;f0e74f49-a127-46b4-901b-f7b37e43c690;1075;5210;1040213| GMK-P13.5B CONTRA PORCA PG-13.5 (PRETO);-19;19;75;94;0;0;0;0;0;false
3ced7cfa-efbb-4f0f-addc-2028f60d1ca7;f0e74f49-a127-46b4-901b-f7b37e43c690;693;3RT20271BB40;CONTATOR AC3:32A 1NA+1NF 24VCC PARAFUSO;-19;19;23;42;0;0;0;0;0;false
3ced7cfa-efbb-4f0f-addc-2028f60d1ca7;f0e74f49-a127-46b4-901b-f7b37e43c690;260;3RV29255AB;BORNE ALIM. TRIF. CONEXÃO POR CIMA INNOV;-19;19;22;41;0;0;0;0;0;false
3ced7cfa-efbb-4f0f-addc-2028f60d1ca7;f0e74f49-a127-46b4-901b-f7b37e43c690;764;A7B10001295801;RELE TEMPO 7PU07 24-240V 0,1S-100H 1REV;-18;18;18;36;0;0;0;0;0;false
3ced7cfa-efbb-4f0f-addc-2028f60d1ca7;f0e74f49-a127-46b4-901b-f7b37e43c690;1066;7494;1040378| WQG1-P11B/AD15.8 TERMINACAO RETA ENGATE RAPIDO PG-11 AD15.8 (PRETO);-18;18;57;75;0;0;0;0;0;false
3ced7cfa-efbb-4f0f-addc-2028f60d1ca7;f0e74f49-a127-46b4-901b-f7b37e43c690;769;A7B10001339607;RELE FALTASEQ. 3UG0718-1XK00 220 A 440V;-18;18;18;36;0;0;0;0;0;false
3ced7cfa-efbb-4f0f-addc-2028f60d1ca7;f0e74f49-a127-46b4-901b-f7b37e43c690;1218;5205;1040208| GMK-G3/4B CONTRA PORCA GAS 3/4" (PRETO);-16;16;35;51;0;0;0;0;0;false
3ced7cfa-efbb-4f0f-addc-2028f60d1ca7;f0e74f49-a127-46b4-901b-f7b37e43c690;806;3RV19151CB;BARRA INTERL.P4 DISJ.S00 S0 ESPAÇ.45MM;-16;16;16;32;0;0;0;0;0;false
3ced7cfa-efbb-4f0f-addc-2028f60d1ca7;f0e74f49-a127-46b4-901b-f7b37e43c690;820;3RH29112FA40;BLOCO CONT.AUX.FRONTAL 4NA S00-S3 MOLA;-16;16;16;32;0;0;0;0;0;false
3ced7cfa-efbb-4f0f-addc-2028f60d1ca7;f0e74f49-a127-46b4-901b-f7b37e43c690;779;3RT20152BB41;CONTATOR AC3:7A 1NA 24VCC;-16;16;16;32;0;0;0;0;0;false
3ced7cfa-efbb-4f0f-addc-2028f60d1ca7;f0e74f49-a127-46b4-901b-f7b37e43c690;780;3RV29275AA00;PLUG POTENCIA S0 P INFEED SYSTEM MOLA;-16;16;16;32;0;0;0;0;0;false
3ced7cfa-efbb-4f0f-addc-2028f60d1ca7;f0e74f49-a127-46b4-901b-f7b37e43c690;212;5SL12107MB;DISJ 2P C 10A 5SL1 210-7MB;-15;15;41;56;0;0;0;0;0;false
3ced7cfa-efbb-4f0f-addc-2028f60d1ca7;f0e74f49-a127-46b4-901b-f7b37e43c690;800;LZS:PT5A5L24;RELE INTERFACE PLUG-IN LZS:PT5A5L24;-15;15;25;40;0;0;0;0;0;false
3ced7cfa-efbb-4f0f-addc-2028f60d1ca7;f0e74f49-a127-46b4-901b-f7b37e43c690;1466;BQCTA40-1X5MB;CORRENTE SIMPLES ASA40-1  - PEDIDO 2025/116598 -;-15;15;15;90;60;15;30;60;1;false
3ced7cfa-efbb-4f0f-addc-2028f60d1ca7;f0e74f49-a127-46b4-901b-f7b37e43c690;741;3RT20151BB41;CONTATOR AC3:7A 1NA 24VCC PARAFUSO;-15;15;15;30;0;0;0;0;0;false
3ced7cfa-efbb-4f0f-addc-2028f60d1ca7;f0e74f49-a127-46b4-901b-f7b37e43c690;873;GA50U4002ABA;CONVERSOR FREQ TRIF GA500, 400V, 2,1/1,8A, IP20;-15;15;17;32;0;0;0;0;0;false
3ced7cfa-efbb-4f0f-addc-2028f60d1ca7;f0e74f49-a127-46b4-901b-f7b37e43c690;1138;54034087583;CABO EPR 1KV-FLEX 90G   10,00MM VM                       CORFIO;-15;15;15;30;0;0;0;0;0;false
3ced7cfa-efbb-4f0f-addc-2028f60d1ca7;f0e74f49-a127-46b4-901b-f7b37e43c690;180;3RH29111HA22;BLOC.CONT.AUX.FRONT 2NA+2NF S00-S3 PARAF;-15;15;25;40;0;0;0;0;0;false
3ced7cfa-efbb-4f0f-addc-2028f60d1ca7;f0e74f49-a127-46b4-901b-f7b37e43c690;744;5SV53440MB;DR 3PN 40A 30MA, AC, 5SV5 344-0MB;-15;15;25;40;0;0;0;0;0;false
3ced7cfa-efbb-4f0f-addc-2028f60d1ca7;f0e74f49-a127-46b4-901b-f7b37e43c690;750;5SL12067MB;DISJ 2P C 6A 5SL1 206-7MB;-15;15;25;40;0;0;0;0;0;false
3ced7cfa-efbb-4f0f-addc-2028f60d1ca7;f0e74f49-a127-46b4-901b-f7b37e43c690;1135;54034086583;CABO EPR 1KV-FLEX 90G   10,00MM BC                       CORFIO;-15;15;15;30;0;0;0;0;0;false
3ced7cfa-efbb-4f0f-addc-2028f60d1ca7;f0e74f49-a127-46b4-901b-f7b37e43c690;1104;12428128;DISJUNTOR-MOTOR AZ MPW40-3-U016 AZUL 10-16 A;-15;15;15;30;0;15;0;0;0;false
3ced7cfa-efbb-4f0f-addc-2028f60d1ca7;f0e74f49-a127-46b4-901b-f7b37e43c690;799;3RV29012E;CONTATO AUX. FRONTAL 1NA1NF PARA 3RV2;-14;14;14;28;0;0;0;0;0;false
3ced7cfa-efbb-4f0f-addc-2028f60d1ca7;f0e74f49-a127-46b4-901b-f7b37e43c690;191;6ES71316BH010BA0;ET200SP: 16X DI 24VDC ST;-13;13;14;27;0;0;0;0;0;false
3ced7cfa-efbb-4f0f-addc-2028f60d1ca7;f0e74f49-a127-46b4-901b-f7b37e43c690;875;GA50U2006ABA;CONVERSOR FREQ TRIF GA500, 220V, 6,0/5,0A, IP20;-13;13;13;26;0;0;0;0;0;false
3ced7cfa-efbb-4f0f-addc-2028f60d1ca7;f0e74f49-a127-46b4-901b-f7b37e43c690;210;5SL11167MB;DISJ 1P C 16A 5SL1 116-7MB;-13;13;37;50;0;0;0;0;0;false
3ced7cfa-efbb-4f0f-addc-2028f60d1ca7;f0e74f49-a127-46b4-901b-f7b37e43c690;798;3RV20111BA20;DISJUNTOR MOTOR SIRIUS 3RV2 1,4-2A;-13;13;15;28;0;0;0;0;0;false
3ced7cfa-efbb-4f0f-addc-2028f60d1ca7;f0e74f49-a127-46b4-901b-f7b37e43c690;1532;54034016583;CABO EPR 1KV-FLEX 90G   16,00MM AZ                       CORFIO;-12;12;12;24;0;0;0;0;0;false
3ced7cfa-efbb-4f0f-addc-2028f60d1ca7;f0e74f49-a127-46b4-901b-f7b37e43c690;729;6ES71366BA010CA0;MODULO ET200SP DI 8X24VDC HF FAILSAFE;-12;12;12;24;0;0;0;0;0;false
3ced7cfa-efbb-4f0f-addc-2028f60d1ca7;f0e74f49-a127-46b4-901b-f7b37e43c690;253;3SU14001AA101CA0;BLOCO CONTATO MONT FRONT PARA 1NF;-12;12;125;137;0;0;0;0;0;false
3ced7cfa-efbb-4f0f-addc-2028f60d1ca7;f0e74f49-a127-46b4-901b-f7b37e43c690;185;3RV20214DA10;DISJUNTOR INNOV 3RV2021-4DA10 18-25A;-12;12;19;31;0;0;0;0;0;false
3ced7cfa-efbb-4f0f-addc-2028f60d1ca7;f0e74f49-a127-46b4-901b-f7b37e43c690;1530;54034017583;CABO EPR 1KV-FLEX 90G   16,00MM PT                       CORFIO;-12;12;12;24;0;0;0;0;0;false
3ced7cfa-efbb-4f0f-addc-2028f60d1ca7;f0e74f49-a127-46b4-901b-f7b37e43c690;728;6ES71326BH010BA0;ET200SP: 16x DQ 24VDC0,5A ST;-12;12;12;24;0;0;0;0;0;false
3ced7cfa-efbb-4f0f-addc-2028f60d1ca7;f0e74f49-a127-46b4-901b-f7b37e43c690;1107;12240801;CONTATOR CWB32-11-30C03 24V DC;-10;10;10;20;0;10;0;0;0;false
3ced7cfa-efbb-4f0f-addc-2028f60d1ca7;f0e74f49-a127-46b4-901b-f7b37e43c690;776;3RA29211BA00;CONEXAO 3RV S00S0 C 3RT S0 CC PARAFUSO;-10;10;10;20;0;0;0;0;0;false
3ced7cfa-efbb-4f0f-addc-2028f60d1ca7;f0e74f49-a127-46b4-901b-f7b37e43c690;822;3RT20152BB42;CONTATOR AC3:7A 1NF 24VCC;-10;10;10;20;0;0;0;0;0;false
3ced7cfa-efbb-4f0f-addc-2028f60d1ca7;f0e74f49-a127-46b4-901b-f7b37e43c690;721;5SL11256MB;DISJ 1P B 25A 5SL1 125-6MB;-10;10;12;22;0;0;0;0;0;false
3ced7cfa-efbb-4f0f-addc-2028f60d1ca7;f0e74f49-a127-46b4-901b-f7b37e43c690;1078;5470;1040256| GMK-M16B CONTRA PORCA M-16X1.5 (PRETO);-10;10;61;71;0;0;0;0;0;false
3ced7cfa-efbb-4f0f-addc-2028f60d1ca7;f0e74f49-a127-46b4-901b-f7b37e43c690;1106;12428131;DISJUNTOR-MOTOR AZ MPW40-3-U032 AZUL 25-32 A;-10;10;10;20;0;10;0;0;0;false
3ced7cfa-efbb-4f0f-addc-2028f60d1ca7;f0e74f49-a127-46b4-901b-f7b37e43c690;928;3RA29132AA2;JOGO MONTAGEM REVERSÃO 3RT201 MOLA;-10;10;10;20;0;0;0;0;0;false
3ced7cfa-efbb-4f0f-addc-2028f60d1ca7;f0e74f49-a127-46b4-901b-f7b37e43c690;823;3RT20162BB42;CONTATOR AC3:9A 1NF 24VCC;-10;10;10;20;0;0;0;0;0;false
3ced7cfa-efbb-4f0f-addc-2028f60d1ca7;f0e74f49-a127-46b4-901b-f7b37e43c690;1589;3RT20271AK60;CONTATOR AC3:32A 1NA+1NF 120V 60HZ PF;-10;10;10;20;0;10;0;0;0;false
3ced7cfa-efbb-4f0f-addc-2028f60d1ca7;f0e74f49-a127-46b4-901b-f7b37e43c690;758;3RT20361AN20;CONTATOR AC3:50A 1NA1NF 220V 5060HZ PF;-9;9;9;18;0;0;0;0;0;false
3ced7cfa-efbb-4f0f-addc-2028f60d1ca7;f0e74f49-a127-46b4-901b-f7b37e43c690;761;3RT20271AN20;CONTATOR AC3:32A 1NA1NF 220V 5060HZ PF;-9;9;9;18;0;0;0;0;0;false
3ced7cfa-efbb-4f0f-addc-2028f60d1ca7;f0e74f49-a127-46b4-901b-f7b37e43c690;194;3RT20161BB42;CONTATOR AC3:9A 1NF 24VCC PARAFUSO;-9;9;24;33;0;0;0;0;0;false
3ced7cfa-efbb-4f0f-addc-2028f60d1ca7;f0e74f49-a127-46b4-901b-f7b37e43c690;743;5SL11027MB;DISJ 1P C 2A 5SL1 102-7MB;-9;9;15;24;0;0;0;0;0;false
3ced7cfa-efbb-4f0f-addc-2028f60d1ca7;f0e74f49-a127-46b4-901b-f7b37e43c690;751;3RT20282AN20;CONTATOR AC3:38A 1NA1NF 220V 5060HZ ML;-9;9;9;18;0;0;0;0;0;false
3ced7cfa-efbb-4f0f-addc-2028f60d1ca7;f0e74f49-a127-46b4-901b-f7b37e43c690;1566;10076397;MINIDISJUNTOR MDW-C 6A 1P;-9;9;31;40;0;0;0;0;0;false
3ced7cfa-efbb-4f0f-addc-2028f60d1ca7;f0e74f49-a127-46b4-901b-f7b37e43c690;1529;324027135246;TERMINAL ILHOS SIMP  16MM ISOL AZ LONGO TI-16-22 38953  INTELLI;-8;8;8;16;0;0;0;0;0;false
3ced7cfa-efbb-4f0f-addc-2028f60d1ca7;f0e74f49-a127-46b4-901b-f7b37e43c690;871;GA50U4004ABA;CONVERSOR FREQ TRIF GA500, 400V, 4,1/3,4A, IP20;-8;8;11;23;4;0;3;4;1;false
3ced7cfa-efbb-4f0f-addc-2028f60d1ca7;f0e74f49-a127-46b4-901b-f7b37e43c690;814;3RV20111DA10;DISJUNTOR MOTOR SIRIUS 3RV2 2,2-3,2A;-8;8;8;16;0;0;0;0;0;false
3ced7cfa-efbb-4f0f-addc-2028f60d1ca7;f0e74f49-a127-46b4-901b-f7b37e43c690;1469;7533;PERFIL EM ALUMINIO 45X90 BASICO LEGP45401;-8;8;8;48;32;8;16;32;1;false
3ced7cfa-efbb-4f0f-addc-2028f60d1ca7;f0e74f49-a127-46b4-901b-f7b37e43c690;812;3RT20231AC20;CONTATOR AC3:9A 1NA1NF 24V 5060HZ;-8;8;8;16;0;0;0;0;0;false
3ced7cfa-efbb-4f0f-addc-2028f60d1ca7;f0e74f49-a127-46b4-901b-f7b37e43c690;1528;324007018637;TERMINAL COMPRESSAO  16MM TCM-L16 PINO MAC 2COMP+LVR        TCM;-8;8;8;16;0;0;0;0;0;false
3ced7cfa-efbb-4f0f-addc-2028f60d1ca7;f0e74f49-a127-46b4-901b-f7b37e43c690;1287;5448;1040246| WQG1-P21B/AD28.5 TERMINACAO RETA ENGATE RAPIDO PG-21 ( PRETO );-8;8;15;23;0;0;0;0;0;false
3ced7cfa-efbb-4f0f-addc-2028f60d1ca7;f0e74f49-a127-46b4-901b-f7b37e43c690;762;3RT20251AN20;CONTATOR AC3:17A 1NA1NF 220V 5060HZ PF;-8;8;8;16;0;0;0;0;0;false
3ced7cfa-efbb-4f0f-addc-2028f60d1ca7;f0e74f49-a127-46b4-901b-f7b37e43c690;874;GA50U4005ABA;CONVERSOR FREQ TRIF GA500, 400V, 5,4/4,8A, IP20;-7;7;7;14;0;1;0;0;0;false
3ced7cfa-efbb-4f0f-addc-2028f60d1ca7;f0e74f49-a127-46b4-901b-f7b37e43c690;863;6022880;E100-B2A22S10A ENABLING SWITCH - BUTTONS;-7;7;7;14;0;0;0;0;0;false
3ced7cfa-efbb-4f0f-addc-2028f60d1ca7;f0e74f49-a127-46b4-901b-f7b37e43c690;1076;6696;1040289| GMK-M18B CONTRA PORCA M-18X1.5 (PRETO);-7;7;105;112;0;0;0;0;0;false
3ced7cfa-efbb-4f0f-addc-2028f60d1ca7;f0e74f49-a127-46b4-901b-f7b37e43c690;246;3RV20114AA10;DISJUNTOR INNOV 3RV2011-4AA10 10-16A;-7;7;34;41;0;0;0;0;0;false
3ced7cfa-efbb-4f0f-addc-2028f60d1ca7;f0e74f49-a127-46b4-901b-f7b37e43c690;186;3RV20111EA10;DISJUNTOR INNOV 3RV2011-1EA10 2,8-4A;-7;7;8;15;0;0;0;0;0;false
3ced7cfa-efbb-4f0f-addc-2028f60d1ca7;f0e74f49-a127-46b4-901b-f7b37e43c690;1124;6026216;VT12T-2P430 P. PROX. SENS. ENERG.;-7;7;7;14;0;0;0;0;0;false
3ced7cfa-efbb-4f0f-addc-2028f60d1ca7;f0e74f49-a127-46b4-901b-f7b37e43c690;1505;PA000728356;SEGAU - 00011_TUBO - DUAS PARTES | 1006-20 CFF # 1.90 1233.30X2289.08 (L C X );-6;6;6;12;0;6;12;0;0;false
3ced7cfa-efbb-4f0f-addc-2028f60d1ca7;f0e74f49-a127-46b4-901b-f7b37e43c690;1602;10076391;MINIDISJUNTOR MDW-C 4A 2P;-6;6;6;12;0;0;0;0;0;false
3ced7cfa-efbb-4f0f-addc-2028f60d1ca7;f0e74f49-a127-46b4-901b-f7b37e43c690;1551;10076441;MINIDISJUNTOR MDW-C 32A 3P;-6;6;14;20;0;0;0;0;0;false
3ced7cfa-efbb-4f0f-addc-2028f60d1ca7;f0e74f49-a127-46b4-901b-f7b37e43c690;725;A7B10001315425;SECC. 3P 25A FRONTAL MAN. VER. 5TW3025-3;-6;6;6;12;0;0;0;0;0;false
3ced7cfa-efbb-4f0f-addc-2028f60d1ca7;f0e74f49-a127-46b4-901b-f7b37e43c690;878;GA50U4031ABA;CONVERSOR FREQ TRIF GA500, 400V, 31,0/24A, IP20;-6;6;8;14;0;0;0;0;0;false
3ced7cfa-efbb-4f0f-addc-2028f60d1ca7;f0e74f49-a127-46b4-901b-f7b37e43c690;808;3RT20181AB01;CONTATOR AC3:16A 1NA 24V 5060HZ PARAF;-6;6;6;12;0;0;0;0;0;false
3ced7cfa-efbb-4f0f-addc-2028f60d1ca7;f0e74f49-a127-46b4-901b-f7b37e43c690;768;A7B10000050523;SECC. 3P 50A FRONTAL 5TW3050-1;-6;6;6;12;0;0;0;0;0;false
3ced7cfa-efbb-4f0f-addc-2028f60d1ca7;f0e74f49-a127-46b4-901b-f7b37e43c690;1549;3SX56012GA10;CABO 8 PINOS, 10M COMPRIMENTO PARA 3SE63;-6;6;22;28;0;0;0;0;0;false
3ced7cfa-efbb-4f0f-addc-2028f60d1ca7;f0e74f49-a127-46b4-901b-f7b37e43c690;765;3RV20111EA20;DISJUNTOR INNOV 3RV2011-1EA20 2,8-4A;-6;6;6;12;0;0;0;0;0;false
3ced7cfa-efbb-4f0f-addc-2028f60d1ca7;f0e74f49-a127-46b4-901b-f7b37e43c690;677;17633447;MOTOR ELETRICO TRIFASICO CA 7.5 HP 04 132S 220/380/440 C/ 12 TERM 50 HZ B3L(D) IP55 W22 W22 IE1 WFF2;-6;6;6;12;0;0;12;0;0;false
3ced7cfa-efbb-4f0f-addc-2028f60d1ca7;f0e74f49-a127-46b4-901b-f7b37e43c690;759;3RH21221AN20;CONTATOR AUX. 2NA2NF 220V 5060HZ PARAF;-6;6;6;12;0;0;0;0;0;false
3ced7cfa-efbb-4f0f-addc-2028f60d1ca7;f0e74f49-a127-46b4-901b-f7b37e43c690;906;112003262263;CURVA HORIZ  100X050MM 90 R150 PERF S/V #22 PZ JCH9PU100X5  JEA;-6;6;6;12;0;0;0;0;0;false
3ced7cfa-efbb-4f0f-addc-2028f60d1ca7;f0e74f49-a127-46b4-901b-f7b37e43c690;245;3RH21311AN20;CONTATOR AUX. 3NA1NF 220V 5060HZ PARAF;-6;6;10;16;0;0;0;0;0;false
3ced7cfa-efbb-4f0f-addc-2028f60d1ca7;f0e74f49-a127-46b4-901b-f7b37e43c690;742;3RV20111HA10;DISJUNTOR INNOV 3RV2011-1HA10 5,5-8A;-6;6;6;12;0;0;0;0;0;false
3ced7cfa-efbb-4f0f-addc-2028f60d1ca7;f0e74f49-a127-46b4-901b-f7b37e43c690;1526;10194175;SOFTSTARTER  SSW07 SSW070085T5SZ;-6;6;12;30;12;0;6;12;1;false
3ced7cfa-efbb-4f0f-addc-2028f60d1ca7;f0e74f49-a127-46b4-901b-f7b37e43c690;789;3RA29232AA1;JOGO MONTAGEM REVERSÃO 3RT202 PARAF;-6;6;14;20;0;0;0;0;0;false
3ced7cfa-efbb-4f0f-addc-2028f60d1ca7;f0e74f49-a127-46b4-901b-f7b37e43c690;828;3SU11020AB501BA0;BOTAO PLA ILU 24V MOM PARA 1NA AZ;-5;5;5;10;0;0;0;0;0;false
3ced7cfa-efbb-4f0f-addc-2028f60d1ca7;f0e74f49-a127-46b4-901b-f7b37e43c690;1105;12428129;DISJUNTOR-MOTOR AZ MPW40-3-U020 AZUL 16-20 A;-5;5;5;10;0;5;0;0;0;false
3ced7cfa-efbb-4f0f-addc-2028f60d1ca7;f0e74f49-a127-46b4-901b-f7b37e43c690;1139;324027133246;TERMINAL ILHOS SIMP  16MM TI-16-18 ISOL AZ (TI-16) 315  INTELLI;-5;5;5;10;0;0;0;0;0;false
3ced7cfa-efbb-4f0f-addc-2028f60d1ca7;f0e74f49-a127-46b4-901b-f7b37e43c690;1603;10076417;MINIDISJUNTOR MDW-C 16A 3P;-5;5;19;24;0;0;0;0;0;false
3ced7cfa-efbb-4f0f-addc-2028f60d1ca7;f0e74f49-a127-46b4-901b-f7b37e43c690;1590;3RT20361AK60;CONTATOR AC3:50A 1NA+1NF 120V 60HZ PARAF;-5;5;10;15;0;10;0;0;0;false
3ced7cfa-efbb-4f0f-addc-2028f60d1ca7;f0e74f49-a127-46b4-901b-f7b37e43c690;777;3RT20261AN10;CONTATOR AC3:25A 1NA1NF 220V 60HZ PF;-5;5;5;10;0;0;0;0;0;false
3ced7cfa-efbb-4f0f-addc-2028f60d1ca7;f0e74f49-a127-46b4-901b-f7b37e43c690;829;3SU11020AB401BA0;BOTAO PLA ILU 24V MOM PARA 1NA VD;-5;5;5;10;0;0;0;0;0;false
3ced7cfa-efbb-4f0f-addc-2028f60d1ca7;f0e74f49-a127-46b4-901b-f7b37e43c690;923;6EP33333SB000AX0;SITOP PSU4200 1ACDC 24V5A;-5;5;5;10;0;0;0;0;0;false
3ced7cfa-efbb-4f0f-addc-2028f60d1ca7;f0e74f49-a127-46b4-901b-f7b37e43c690;922;6EP33323SB000AX0;SITOP PSU4200 1ACDC 24V3A;-5;5;5;10;0;0;0;0;0;false
3ced7cfa-efbb-4f0f-addc-2028f60d1ca7;f0e74f49-a127-46b4-901b-f7b37e43c690;786;3SB78120AA100BA0;BOTOEIRA PLA P 2 BOTAO DE COMANDO IP65;-5;5;5;10;0;0;0;0;0;false
3ced7cfa-efbb-4f0f-addc-2028f60d1ca7;f0e74f49-a127-46b4-901b-f7b37e43c690;1114;18840981;CHAVE SECCIONADORA MSW040F-3P00-3R;-5;5;9;20;6;6;4;6;2;false
3ced7cfa-efbb-4f0f-addc-2028f60d1ca7;f0e74f49-a127-46b4-901b-f7b37e43c690;827;3SU11020AB301BA0;BOTAO PLA ILU 24V MOM PARA 1NA AM;-5;5;13;18;0;0;0;0;0;false
3ced7cfa-efbb-4f0f-addc-2028f60d1ca7;f0e74f49-a127-46b4-901b-f7b37e43c690;927;3RA29132AA1;JOGO MONTAGEM REVERSÃO 3RT201 PARAF;-5;5;15;20;0;0;0;0;0;false
3ced7cfa-efbb-4f0f-addc-2028f60d1ca7;f0e74f49-a127-46b4-901b-f7b37e43c690;785;3SB68110AA200BA0;BOTOEIRA PLA EMERG 1 PTO DE COMANDO IP65;-5;5;5;10;0;0;0;0;0;false
3ced7cfa-efbb-4f0f-addc-2028f60d1ca7;f0e74f49-a127-46b4-901b-f7b37e43c690;918;5ST37400MB;BARRAMENTO 63A 3P 1014MM 5ST3740-0MB;-4;4;4;8;0;0;0;0;0;false
3ced7cfa-efbb-4f0f-addc-2028f60d1ca7;f0e74f49-a127-46b4-901b-f7b37e43c690;1113;17180936;CHAVE FIM DE CURSO LSW LSW-MCF20-M11;-4;4;4;8;0;4;0;0;0;false
3ced7cfa-efbb-4f0f-addc-2028f60d1ca7;f0e74f49-a127-46b4-901b-f7b37e43c690;817;3VT91003HC10;ACOPL ACION ROT ESQUERDO 3VT9100-3HC10;-4;4;4;8;0;0;0;0;0;false
3ced7cfa-efbb-4f0f-addc-2028f60d1ca7;f0e74f49-a127-46b4-901b-f7b37e43c690;252;3RV20111AA10;DISJUNTOR MOTOR SIRIUS 3RV2 1,1-1,6A;-4;4;5;9;0;0;0;0;0;false
3ced7cfa-efbb-4f0f-addc-2028f60d1ca7;f0e74f49-a127-46b4-901b-f7b37e43c690;795;3RT20182AN22;CONTATOR AC3:16A 1NF 220V 5060HZ MOLA;-4;4;4;8;0;0;0;0;0;false
3ced7cfa-efbb-4f0f-addc-2028f60d1ca7;f0e74f49-a127-46b4-901b-f7b37e43c690;1508;PA000728359;SEGAU - 00014_TUBO_MENOR_1 - DUAS PARTES | 1006-20 CFQ # 2.00 142.00X1981.20 (L C X );-4;4;4;8;0;4;8;0;0;false
3ced7cfa-efbb-4f0f-addc-2028f60d1ca7;f0e74f49-a127-46b4-901b-f7b37e43c690;826;3RT20182BB42;CONTATOR AC3:16A 1NF 24VCC;-4;4;4;8;0;0;0;0;0;false
3ced7cfa-efbb-4f0f-addc-2028f60d1ca7;f0e74f49-a127-46b4-901b-f7b37e43c690;917;5ST2504;BLOCO DISTRIBUIÇÃO 1P 80A 690V 5ST2 504;-4;4;20;24;0;0;0;0;0;false
3ced7cfa-efbb-4f0f-addc-2028f60d1ca7;f0e74f49-a127-46b4-901b-f7b37e43c690;746;5SL13807MB;DISJ 3P C 80A 5SL1 380-7MB;-4;4;4;8;0;0;0;0;0;false
3ced7cfa-efbb-4f0f-addc-2028f60d1ca7;f0e74f49-a127-46b4-901b-f7b37e43c690;755;5SL13207MB;DISJ 3P C 20A 5SL1 320-7MB;-4;4;15;23;4;0;3;4;1;false
3ced7cfa-efbb-4f0f-addc-2028f60d1ca7;f0e74f49-a127-46b4-901b-f7b37e43c690;982;276001019028;QUADRO COMANDO  500X400X200MM CMF-11 C/FLANGE             OPCAO;-4;4;4;8;0;4;0;0;0;false
3ced7cfa-efbb-4f0f-addc-2028f60d1ca7;f0e74f49-a127-46b4-901b-f7b37e43c690;1122;1045000;ARMARIO COMPACTO AX 400X500X210MM RAL 7035;-4;4;27;35;4;0;3;4;1;false
3ced7cfa-efbb-4f0f-addc-2028f60d1ca7;f0e74f49-a127-46b4-901b-f7b37e43c690;703;57029074443;CAIXA PASSAG ALUM 400X400X200MM CPS/40 TPA REV         STAMPLAC;-4;4;4;8;0;0;0;0;0;false
3ced7cfa-efbb-4f0f-addc-2028f60d1ca7;f0e74f49-a127-46b4-901b-f7b37e43c690;183;3RT20171BB42;CONTATOR AC3:12A 1NF 24VCC PARAFUSO;-4;4;9;13;0;0;0;0;0;false
3ced7cfa-efbb-4f0f-addc-2028f60d1ca7;f0e74f49-a127-46b4-901b-f7b37e43c690;488;61010008138;CANALETA REC ABERTO  30X 80MM 2MT (BXA) CZ 105078     DUTOPLAST;-4;4;4;8;0;0;0;0;0;false
3ced7cfa-efbb-4f0f-addc-2028f60d1ca7;f0e74f49-a127-46b4-901b-f7b37e43c690;919;5ST37683;BORNE TERM 80A/690VCA - CONEX. CENTRAL;-4;4;36;40;0;0;0;0;0;false
3ced7cfa-efbb-4f0f-addc-2028f60d1ca7;f0e74f49-a127-46b4-901b-f7b37e43c690;719;5SL13407MB;DISJ 3P C 40A 5SL1 340-7MB;-4;4;20;24;0;0;0;0;0;false
3ced7cfa-efbb-4f0f-addc-2028f60d1ca7;f0e74f49-a127-46b4-901b-f7b37e43c690;740;3RT20351AN20;CONTATOR AC3:40A 1NA1NF 220V 5060HZ PF;-4;4;4;8;0;0;0;0;0;false
3ced7cfa-efbb-4f0f-addc-2028f60d1ca7;f0e74f49-a127-46b4-901b-f7b37e43c690;834;3SU10011HB200AA0;FRONTAL BOTAO EMER 40MM PLAS ILU ROT DES;-4;4;5;9;0;0;0;0;0;false
3ced7cfa-efbb-4f0f-addc-2028f60d1ca7;f0e74f49-a127-46b4-901b-f7b37e43c690;972;14256839;DISJUNTOR EM CAIXA MOLDADA DWP250 250A 3 POLOS;-4;4;8;20;8;0;4;8;1;false
3ced7cfa-efbb-4f0f-addc-2028f60d1ca7;f0e74f49-a127-46b4-901b-f7b37e43c690;1112;17180911;CHAVE FIM DE CURSO LSW LSW-MCF11-P11;-4;4;4;8;0;4;0;0;0;false
3ced7cfa-efbb-4f0f-addc-2028f60d1ca7;f0e74f49-a127-46b4-901b-f7b37e43c690;803;A7B10001328580;TRANSF MONOF 300VA 4E SAÍDA 24V IP00;-3;3;3;6;0;0;0;0;0;false
3ced7cfa-efbb-4f0f-addc-2028f60d1ca7;f0e74f49-a127-46b4-901b-f7b37e43c690;243;3RV20111CA20;DISJUNTOR MOTOR SIRIUS 3RV2 1,8-2,5A;-3;3;7;10;0;0;0;0;0;false
3ced7cfa-efbb-4f0f-addc-2028f60d1ca7;f0e74f49-a127-46b4-901b-f7b37e43c690;346;3SE50000AV07;ATUADOR RADIAL PARA APLICACOES PESADAS;-3;3;3;6;0;0;0;0;0;false
3ced7cfa-efbb-4f0f-addc-2028f60d1ca7;f0e74f49-a127-46b4-901b-f7b37e43c690;818;A7B10000046692;CONTATOR 3RT10 45-1AN20 220V50-60HZ;-3;3;3;6;0;0;0;0;0;false
3ced7cfa-efbb-4f0f-addc-2028f60d1ca7;f0e74f49-a127-46b4-901b-f7b37e43c690;880;GA50U4038ABA;CONVERSOR FREQ TRIF GA500, 400V, 38,0/31A, IP20;-3;3;3;6;0;0;0;0;0;false
3ced7cfa-efbb-4f0f-addc-2028f60d1ca7;f0e74f49-a127-46b4-901b-f7b37e43c690;754;3RT20152AN22;CONTATOR AC3:7A 1NF 220V 5060HZ MOLA;-3;3;3;6;0;0;0;0;0;false
3ced7cfa-efbb-4f0f-addc-2028f60d1ca7;f0e74f49-a127-46b4-901b-f7b37e43c690;1310;16890;1100083| RV2-4S TERMINAL OLHAL C/ ISOLACAO AZUL M4 PCT C/ 100PCS (1.5-2.5MM);-3;3;3;6;0;0;0;0;0;false
3ced7cfa-efbb-4f0f-addc-2028f60d1ca7;f0e74f49-a127-46b4-901b-f7b37e43c690;739;3RT20451AN20;CONTATOR AC3:80A 1NA1NF 220V 5060HZ PF;-3;3;3;6;0;0;0;0;0;false
3ced7cfa-efbb-4f0f-addc-2028f60d1ca7;f0e74f49-a127-46b4-901b-f7b37e43c690;733;3VM12165MH320AA0;DISJ 3P 160A 55KA 380V TM120M AM 3VM12;-3;3;3;6;0;0;0;0;0;false
3ced7cfa-efbb-4f0f-addc-2028f60d1ca7;f0e74f49-a127-46b4-901b-f7b37e43c690;772;3RT20353AK60;CONTATOR AC3:40A 1NA1NF 120V 60HZ MOLA;-3;3;3;6;0;0;0;0;0;false
3ced7cfa-efbb-4f0f-addc-2028f60d1ca7;f0e74f49-a127-46b4-901b-f7b37e43c690;1121;2500460;CHAVE DE POSICION.P/ ILUMINACAO LED C/CABO 800MM;-3;3;3;6;0;0;0;0;0;false
3ced7cfa-efbb-4f0f-addc-2028f60d1ca7;f0e74f49-a127-46b4-901b-f7b37e43c690;694;5ST2502;BLOCO DISTRIBUIÇÃO 4P 125A 690V 5ST2 502;-3;3;11;14;0;0;0;0;0;false
3ced7cfa-efbb-4f0f-addc-2028f60d1ca7;f0e74f49-a127-46b4-901b-f7b37e43c690;1435;16280337;IHM CMT2078X 7" 800X480;-3;3;10;19;6;0;7;6;2;false
3ced7cfa-efbb-4f0f-addc-2028f60d1ca7;f0e74f49-a127-46b4-901b-f7b37e43c690;731;6ES71346HD010BA1;ET200SP: 4x AI UI 2-FIOS ST;-3;3;3;6;0;0;0;0;0;false
3ced7cfa-efbb-4f0f-addc-2028f60d1ca7;f0e74f49-a127-46b4-901b-f7b37e43c690;771;3RV20314UA10;DISJUNTOR MOTOR INNOV 3RV2031-4UA10 32-4;-3;3;3;6;0;0;0;0;0;false
3ced7cfa-efbb-4f0f-addc-2028f60d1ca7;f0e74f49-a127-46b4-901b-f7b37e43c690;686;3UG56161CR20;RELE MONITORAMENTO 90-690V 3UG56161CR20;-3;3;3;6;0;0;0;0;0;false
3ced7cfa-efbb-4f0f-addc-2028f60d1ca7;f0e74f49-a127-46b4-901b-f7b37e43c690;674;18254159;MOTOR ELETRICO TRIFASICO CA 10 HP 04 132M 220/380/440 C/ 12 TERM 50 HZ B3L(D) IP55 W22 W22 IE1 WFF2;-2;2;2;4;0;0;4;0;0;false
3ced7cfa-efbb-4f0f-addc-2028f60d1ca7;f0e74f49-a127-46b4-901b-f7b37e43c690;766;3RU21264AB0;RELE DE SOBRECARGA INNOV 11-16A S0;-2;2;2;4;0;0;0;0;0;false
3ced7cfa-efbb-4f0f-addc-2028f60d1ca7;f0e74f49-a127-46b4-901b-f7b37e43c690;1531;324007115306;TERMINAL COMPRESSAO  16MM 1F-1C M08 CB FLEX 630652       MAGNET;-2;2;2;4;0;0;0;0;0;false
3ced7cfa-efbb-4f0f-addc-2028f60d1ca7;f0e74f49-a127-46b4-901b-f7b37e43c690;897;12381180;RELE SEGURANCA MONITOR VELOCIDADE ZERO SZS-W/22;-2;2;2;4;0;0;0;0;0;false
3ced7cfa-efbb-4f0f-addc-2028f60d1ca7;f0e74f49-a127-46b4-901b-f7b37e43c690;688;5SL13507MB;DISJ 3P C 50A 5SL1 350-7MB;-2;2;10;12;0;0;0;0;0;false
3ced7cfa-efbb-4f0f-addc-2028f60d1ca7;f0e74f49-a127-46b4-901b-f7b37e43c690;872;GA50U4012ABA;CONVERSOR FREQ TRIF GA500, 400V, 11,9/9,2A, IP20;-2;2;2;4;0;0;0;0;0;false
3ced7cfa-efbb-4f0f-addc-2028f60d1ca7;f0e74f49-a127-46b4-901b-f7b37e43c690;1110;13108206;FONTE ALIMENTACAO PSS24-W/5A;-2;2;2;4;0;2;0;0;0;false
3ced7cfa-efbb-4f0f-addc-2028f60d1ca7;f0e74f49-a127-46b4-901b-f7b37e43c690;760;3RT20281AN20;CONTATOR AC3:38A 1NA1NF 220V 5060HZ PF;-2;2;2;4;0;0;0;0;0;false
3ced7cfa-efbb-4f0f-addc-2028f60d1ca7;f0e74f49-a127-46b4-901b-f7b37e43c690;783;3RV29174B;EXP. BARRAMENTO INFEED P 3 DISJUNTORES;-2;2;4;6;0;0;0;0;0;false
3ced7cfa-efbb-4f0f-addc-2028f60d1ca7;f0e74f49-a127-46b4-901b-f7b37e43c690;925;6EP33363SB000AX0;SITOP PSU4200 1ACDC24V20A;-2;2;2;4;0;0;0;0;0;false
3ced7cfa-efbb-4f0f-addc-2028f60d1ca7;f0e74f49-a127-46b4-901b-f7b37e43c690;676;19095938;MOTOR ELETRICO TRIFASICO CA 7.5 HP 04 132S 220/380/440 C/ 12 TERM 50 HZ B5L(D) IP55 W22 W22 IE1 WFF2;-2;2;2;4;0;0;4;0;0;false
3ced7cfa-efbb-4f0f-addc-2028f60d1ca7;f0e74f49-a127-46b4-901b-f7b37e43c690;896;GA50U2010ABA;CONVERSOR FREQ TRIF GA500, 220V, 9,6/8,0A, IP20;-2;2;2;4;0;0;0;0;0;false
3ced7cfa-efbb-4f0f-addc-2028f60d1ca7;f0e74f49-a127-46b4-901b-f7b37e43c690;684;15362730;DISPOSITIVO DE CONECTIVIDADE SWITCH WCD-SWU-5-Tx;-2;2;2;4;0;0;0;0;0;false
3ced7cfa-efbb-4f0f-addc-2028f60d1ca7;f0e74f49-a127-46b4-901b-f7b37e43c690;258;3RV20111BA10;DISJUNTOR MOTOR SIRIUS 3RV2 1,4-2A;-2;2;6;8;0;0;0;0;0;false
3ced7cfa-efbb-4f0f-addc-2028f60d1ca7;f0e74f49-a127-46b4-901b-f7b37e43c690;678;17902102;MOTOR ELETRICO TRIFASICO CA 5.5 HP 04 112M 220/380/440 C/ 12 TERM 50 HZ B3L(D) IP55 W22 W22 IE1 WFF2;-2;2;2;4;0;0;4;0;0;false
3ced7cfa-efbb-4f0f-addc-2028f60d1ca7;f0e74f49-a127-46b4-901b-f7b37e43c690;773;3RT20261AK60;CONTATOR AC3:25A 1NA1NF 120V 60HZ PF;-2;2;2;4;0;0;0;0;0;false
3ced7cfa-efbb-4f0f-addc-2028f60d1ca7;f0e74f49-a127-46b4-901b-f7b37e43c690;673;19095941;MOTOR ELETRICO TRIFASICO CA 30 HP 02 180M 220/380/440 C/ 12 TERM 50 HZ B3L(D) IP55 W22 W22 IE1 WFF2;-2;2;2;4;0;0;4;0;0;false
3ced7cfa-efbb-4f0f-addc-2028f60d1ca7;f0e74f49-a127-46b4-901b-f7b37e43c690;787;3RT20351AG20;CONTATOR AC3:40A 1NA1NF 110V 5060HZ PF;-2;2;2;4;0;0;0;0;0;false
3ced7cfa-efbb-4f0f-addc-2028f60d1ca7;f0e74f49-a127-46b4-901b-f7b37e43c690;1507;PA000728358;SEGAU - 00013_FLANGE_TUBO_2 | A36BQ # 8.00 1359.95X1359.95 (L X );-2;2;2;4;0;2;4;0;0;false
3ced7cfa-efbb-4f0f-addc-2028f60d1ca7;f0e74f49-a127-46b4-901b-f7b37e43c690;748;3RT19564G;BLOCO TERMINAIS DE LIGAÇÃO S6 ATÉ 120MM2;-2;2;2;4;0;0;0;0;0;false
3ced7cfa-efbb-4f0f-addc-2028f60d1ca7;f0e74f49-a127-46b4-901b-f7b37e43c690;734;3VA96870FK25;ACION ROT EXT EMERG 1000A 3VA9687-0FK25;-2;2;2;4;0;0;0;0;0;false
3ced7cfa-efbb-4f0f-addc-2028f60d1ca7;f0e74f49-a127-46b4-901b-f7b37e43c690;690;5SL12256MB;DISJ 2P B 25A 5SL1 225-6MB;-2;2;2;4;0;0;0;0;0;false
3ced7cfa-efbb-4f0f-addc-2028f60d1ca7;f0e74f49-a127-46b4-901b-f7b37e43c690;1506;PA000728357;SEGAU - 00012_FLANGE_TUBO_1 | 1006-20 CFF # 1.90 1460.00X1460.00 (L X );-2;2;2;4;0;2;4;0;0;false
3ced7cfa-efbb-4f0f-addc-2028f60d1ca7;f0e74f49-a127-46b4-901b-f7b37e43c690;770;5SL13707MB;DISJ 3P C 70A 5SL1 370-7MB;-2;2;6;8;0;0;0;0;0;false
3ced7cfa-efbb-4f0f-addc-2028f60d1ca7;f0e74f49-a127-46b4-901b-f7b37e43c690;870;GA50U4007ABA;CONVERSOR FREQ TRIF GA500, 400V, 7,1/5,6A, IP20;-2;2;4;6;0;0;0;0;0;false
3ced7cfa-efbb-4f0f-addc-2028f60d1ca7;f0e74f49-a127-46b4-901b-f7b37e43c690;756;3SK21221AA10;RELE SEG 3SK2 4NA2NA2NA 24VDC PARAF;-2;2;4;6;0;0;0;0;0;false
3ced7cfa-efbb-4f0f-addc-2028f60d1ca7;f0e74f49-a127-46b4-901b-f7b37e43c690;767;3RU21160JB0;RELE DE SOBRECARGA INNOV 0,7-1A S00;-2;2;2;4;0;0;0;0;0;false
3ced7cfa-efbb-4f0f-addc-2028f60d1ca7;f0e74f49-a127-46b4-901b-f7b37e43c690;810;3RV19151BB;BARRA INTERL.P3 DISJ.S00 S0 ESPAÇ.45MM;-2;2;2;4;0;0;0;0;0;false
3ced7cfa-efbb-4f0f-addc-2028f60d1ca7;f0e74f49-a127-46b4-901b-f7b37e43c690;793;3RT20371AN20;CONTATOR AC3:65A 1NA1NF 220V 5060HZ PF;-2;2;4;6;0;0;0;0;0;false
3ced7cfa-efbb-4f0f-addc-2028f60d1ca7;f0e74f49-a127-46b4-901b-f7b37e43c690;1576;10076465;MINIDISJUNTOR MDW-C 63A 3P;-2;2;10;12;0;0;0;0;0;false
3ced7cfa-efbb-4f0f-addc-2028f60d1ca7;f0e74f49-a127-46b4-901b-f7b37e43c690;831;6ES72141AG400XB0;CPU 1214C, DCDCDC, 14DI10DO2AI;-2;2;4;6;0;0;0;0;0;false
3ced7cfa-efbb-4f0f-addc-2028f60d1ca7;f0e74f49-a127-46b4-901b-f7b37e43c690;1111;15560296;MODULO SEGURANCA CFW500-SFY2 PARA INVERSOR FREQUENCIA;-2;2;2;4;0;2;0;0;0;false
3ced7cfa-efbb-4f0f-addc-2028f60d1ca7;f0e74f49-a127-46b4-901b-f7b37e43c690;974;14256832;DISJUNTOR EM CAIXA MOLDADA DWP125 100A 3 POLOS;-2;2;4;10;4;0;2;4;1;false
3ced7cfa-efbb-4f0f-addc-2028f60d1ca7;f0e74f49-a127-46b4-901b-f7b37e43c690;926;6EP34343SB000AX0;SITOP PSU4200 3ACDC 24V10A;-2;2;2;4;0;0;0;0;0;false
3ced7cfa-efbb-4f0f-addc-2028f60d1ca7;f0e74f49-a127-46b4-901b-f7b37e43c690;815;3VM10102ED320AA0;DISJ 3P 100A 16KA 380V FTFM TM210 3VM10;-2;2;2;4;0;1;0;0;0;false
3ced7cfa-efbb-4f0f-addc-2028f60d1ca7;f0e74f49-a127-46b4-901b-f7b37e43c690;1109;10194172;SOFTSTARTER  SSW07 SSW070030T5SZ;-1;1;1;2;0;0;0;0;0;false
3ced7cfa-efbb-4f0f-addc-2028f60d1ca7;f0e74f49-a127-46b4-901b-f7b37e43c690;949;14256868;DISJUNTOR EM CAIXA MOLDADA DWP800 800A 3 POLOS;-1;1;2;5;2;0;1;2;1;false
3ced7cfa-efbb-4f0f-addc-2028f60d1ca7;f0e74f49-a127-46b4-901b-f7b37e43c690;809;3RV20111GA10;DISJUNTOR INNOV 3RV2011-1GA10 4,5-6,3A;-1;1;3;4;0;0;0;0;0;false
3ced7cfa-efbb-4f0f-addc-2028f60d1ca7;f0e74f49-a127-46b4-901b-f7b37e43c690;1483;19100406;MOTORREDUTOR COROA E ROSCA SEM FIM WCG01 V40 1 HS C 63 0.25KW 4P W21 50;-1;1;1;2;0;0;0;0;0;false
3ced7cfa-efbb-4f0f-addc-2028f60d1ca7;f0e74f49-a127-46b4-901b-f7b37e43c690;877;GA50U4023ABA;CONVERSOR FREQ TRIF GA500, 400V, 23,4/18A, IP20;-1;1;1;2;0;0;0;0;0;false
3ced7cfa-efbb-4f0f-addc-2028f60d1ca7;f0e74f49-a127-46b4-901b-f7b37e43c690;802;3RV19151AB;BARRA INTERL.P2 DISJ.S00 S0 ESPAÇ.45MM;-1;1;1;2;0;0;0;0;0;false
3ced7cfa-efbb-4f0f-addc-2028f60d1ca7;f0e74f49-a127-46b4-901b-f7b37e43c690;727;6ES71936AF000AA0;ET200SP: BA 2X FC, PROFINET;-1;1;1;2;0;0;0;0;0;false
3ced7cfa-efbb-4f0f-addc-2028f60d1ca7;f0e74f49-a127-46b4-901b-f7b37e43c690;1468;BQECASA40-1Z14;ENGRENAGEM S. ASA 40 Z14 - PEDIDO 2025/116598 -;-1;1;1;6;4;1;2;4;1;false
3ced7cfa-efbb-4f0f-addc-2028f60d1ca7;f0e74f49-a127-46b4-901b-f7b37e43c690;753;3RU21261KB0;RELE DE SOBRECARGA INNOV 9-12,5A S0;-1;1;1;2;0;0;0;0;0;false
3ced7cfa-efbb-4f0f-addc-2028f60d1ca7;f0e74f49-a127-46b4-901b-f7b37e43c690;730;6ES71366DC000CA0;ET200SP: 8x FDQ 24VDC FAILSAFE;-1;1;1;2;0;0;0;0;0;false
3ced7cfa-efbb-4f0f-addc-2028f60d1ca7;f0e74f49-a127-46b4-901b-f7b37e43c690;1140;25005004237;ARRUELA LISA ZINC 5/16 9800501                            LANDO;-1;1;1;2;0;0;0;0;0;false
3ced7cfa-efbb-4f0f-addc-2028f60d1ca7;f0e74f49-a127-46b4-901b-f7b37e43c690;1141;260007011237;PORCA SEXTAV ZINC 5/16 CH1/2 9150901                      LANDO;-1;1;1;2;0;0;0;0;0;false
3ced7cfa-efbb-4f0f-addc-2028f60d1ca7;f0e74f49-a127-46b4-901b-f7b37e43c690;1205;3VM91170FK21;ACION ROT EXTERNO 3VM 3P 3VM9117-0FK21;-1;1;1;2;0;1;0;0;0;false
3ced7cfa-efbb-4f0f-addc-2028f60d1ca7;f0e74f49-a127-46b4-901b-f7b37e43c690;915;6ES72213BD300XB0;S7-1200: SB 1221, 4 DI 24V DC;-1;1;1;2;0;0;0;0;0;false
3ced7cfa-efbb-4f0f-addc-2028f60d1ca7;f0e74f49-a127-46b4-901b-f7b37e43c690;907;260007010237;PORCA SEXTAV ZINC 1/4 CH7/16 9150801                      LANDO;-1;1;1;2;0;0;0;0;0;false
3ced7cfa-efbb-4f0f-addc-2028f60d1ca7;f0e74f49-a127-46b4-901b-f7b37e43c690;811;A7B10001328579;TRANSF MONOF 200VA 4E SAÍDA 24V IP00;-1;1;1;2;0;0;0;0;0;false
3ced7cfa-efbb-4f0f-addc-2028f60d1ca7;f0e74f49-a127-46b4-901b-f7b37e43c690;805;3RW30271BB14;SOFTSTARTER 3RW30 32A 110-230V PARAFUSO;-1;1;1;2;0;0;0;0;0;false
3ced7cfa-efbb-4f0f-addc-2028f60d1ca7;f0e74f49-a127-46b4-901b-f7b37e43c690;794;3RV20214EA20;DISJUNTOR INNOV 3RV2021-4EA20 27-32A;-1;1;1;2;0;0;0;0;0;false
3ced7cfa-efbb-4f0f-addc-2028f60d1ca7;f0e74f49-a127-46b4-901b-f7b37e43c690;1534;333003232459;TOMADA 2P+T 10A-250V PB 13535 C/CX S/INTERR 30.71.062 TR  TASCO;-1;1;1;2;0;0;0;0;0;false
3ced7cfa-efbb-4f0f-addc-2028f60d1ca7;f0e74f49-a127-46b4-901b-f7b37e43c690;1527;15575568;INVERSOR DE FREQUENCIA CFW500 G2 CFW500B02P6T4DB20G2;-1;1;1;2;0;0;0;0;0;false
3ced7cfa-efbb-4f0f-addc-2028f60d1ca7;f0e74f49-a127-46b4-901b-f7b37e43c690;797;3RU21261JC0;RELE DE SOBRECARGA INNOV 7-10A S0;-1;1;1;2;0;0;0;0;0;false
3ced7cfa-efbb-4f0f-addc-2028f60d1ca7;f0e74f49-a127-46b4-901b-f7b37e43c690;749;3RV20214PA10;DISJUNTOR INNOV 3RV2021-4PA10 30-36A;-1;1;1;2;0;0;0;0;0;false
3ced7cfa-efbb-4f0f-addc-2028f60d1ca7;f0e74f49-a127-46b4-901b-f7b37e43c690;1206;3VM91130QE00;CONEXÃO TRASEIRA PLANA 3P 3VM10/3VM11;-1;1;1;2;0;1;0;0;0;false
3ced7cfa-efbb-4f0f-addc-2028f60d1ca7;f0e74f49-a127-46b4-901b-f7b37e43c690;914;6ES72221BD300XB0;S7-1200: SB 1222, 4 DO 24V DC;-1;1;1;2;0;0;0;0;0;false
3ced7cfa-efbb-4f0f-addc-2028f60d1ca7;f0e74f49-a127-46b4-901b-f7b37e43c690;813;3RT20383AC20;CONTATOR AC3:80A 1NA1NF 24V 5060HZ;-1;1;1;2;0;0;0;0;0;false
3ced7cfa-efbb-4f0f-addc-2028f60d1ca7;f0e74f49-a127-46b4-901b-f7b37e43c690;192;1FL21054AF010HB0;SERVOMOTOR CA 8NM/3000RPM ENCA;-1;1;3;6;2;0;1;2;1;false
3ced7cfa-efbb-4f0f-addc-2028f60d1ca7;f0e74f49-a127-46b4-901b-f7b37e43c690;179;6SL55101BE125AF0;S200 380-480V 3AC 2,5KW 7,8A PN;-1;1;5;8;2;0;2;2;1;false
3ced7cfa-efbb-4f0f-addc-2028f60d1ca7;f0e74f49-a127-46b4-901b-f7b37e43c690;970;14256843;DISJUNTOR EM CAIXA MOLDADA DWP400 400A 3 POLOS;-1;1;4;7;2;0;3;2;1;false
3ced7cfa-efbb-4f0f-addc-2028f60d1ca7;f0e74f49-a127-46b4-901b-f7b37e43c690;1134;239011120237;PARAFUSO MAQ ZINC 5/16X 1/2 A/TRAV                        LANDO;-1;1;1;2;0;0;0;0;0;false
3ced7cfa-efbb-4f0f-addc-2028f60d1ca7;f0e74f49-a127-46b4-901b-f7b37e43c690;912;6ES72315PA300XB0;S7-1200: SB 1231 RTD;-1;1;1;2;0;0;0;0;0;false
3ced7cfa-efbb-4f0f-addc-2028f60d1ca7;f0e74f49-a127-46b4-901b-f7b37e43c690;807;3RT10566AF36;CONTATOR AC3:185A 2NA2NF 110-127VUC PF;-1;1;1;2;0;0;0;0;0;false
3ced7cfa-efbb-4f0f-addc-2028f60d1ca7;f0e74f49-a127-46b4-901b-f7b37e43c690;913;6ES72324HB320XB0;S7-1200: SM 1232, 2AO;-1;1;1;2;0;0;0;0;0;false
3ced7cfa-efbb-4f0f-addc-2028f60d1ca7;f0e74f49-a127-46b4-901b-f7b37e43c690;908;25005003237;ARRUELA LISA ZINC 1/4 9800401                             LANDO;-1;1;1;2;0;0;0;0;0;false
3ced7cfa-efbb-4f0f-addc-2028f60d1ca7;f0e74f49-a127-46b4-901b-f7b37e43c690;177;2500110;LUMINARIA LED 600 100-240V 50HZ / 60HZ;-1;1;3;4;0;0;0;0;0;false
3ced7cfa-efbb-4f0f-addc-2028f60d1ca7;f0e74f49-a127-46b4-901b-f7b37e43c690;1136;94008022246;CONECTOR CUNHA COBRE I 16-25/35MM CZ CDCR-I-CI 9606     INTELLI;-1;1;1;2;0;0;0;0;0;false
3ced7cfa-efbb-4f0f-addc-2028f60d1ca7;f0e74f49-a127-46b4-901b-f7b37e43c690;691;5SL33407MB;DISJ 3P C 40A 5SL3 340-7MB;-1;1;1;2;0;0;0;0;0;false
3ced7cfa-efbb-4f0f-addc-2028f60d1ca7;f0e74f49-a127-46b4-901b-f7b37e43c690;775;3RT20463AN20;CONTATOR AC3:95A 1NA1NF 220V 5060HZ;-1;1;1;2;0;0;0;0;0;false
3ced7cfa-efbb-4f0f-addc-2028f60d1ca7;f0e74f49-a127-46b4-901b-f7b37e43c690;774;5SL12066MB;DISJ 2P B 06A 5SL1 206-6MB;-1;1;1;2;0;0;0;0;0;false
3ced7cfa-efbb-4f0f-addc-2028f60d1ca7;f0e74f49-a127-46b4-901b-f7b37e43c690;909;239011078237;PARAFUSO MAQ ZINC 1/4X 1/2 A/TRAV 7342001                 LANDO;-1;1;1;2;0;0;0;0;0;false
3ced7cfa-efbb-4f0f-addc-2028f60d1ca7;f0e74f49-a127-46b4-901b-f7b37e43c690;778;3RV20111GA20;DISJUNTOR INNOV 3RV2011-1GA20 4,5-6,3A;-1;1;1;2;0;0;0;0;0;false
3ced7cfa-efbb-4f0f-addc-2028f60d1ca7;f0e74f49-a127-46b4-901b-f7b37e43c690;816;5SV43470MB;DR 3PN 80A 30MA, AC, 5SV4 347-0MB;-1;1;7;8;0;0;0;0;0;false
3ced7cfa-efbb-4f0f-addc-2028f60d1ca7;f0e74f49-a127-46b4-901b-f7b37e43c690;1100;17540474;FONTE ALIMENTACAO PSS24-W/20A;-1;1;1;2;0;1;0;0;0;false
3ced7cfa-efbb-4f0f-addc-2028f60d1ca7;f0e74f49-a127-46b4-901b-f7b37e43c690;720;3VM10633ED320AA0;DISJ 3P 63A 25KA 380V FTFM TM210 3VM10;-1;1;1;2;0;0;0;0;0;false
3ced7cfa-efbb-4f0f-addc-2028f60d1ca7;f0e74f49-a127-46b4-901b-f7b37e43c690;1119;3238300;FILTRO DE SAIDA BLUE E+ 148,5 X 148,5MM RAL7035;-1;1;3;4;0;0;0;0;0;false
3ced7cfa-efbb-4f0f-addc-2028f60d1ca7;f0e74f49-a127-46b4-901b-f7b37e43c690;162;8105235;PAREDES LATERAIS 2000X500MM - RAL 7035;-1;1;2;3;0;0;0;0;0;false
3ced7cfa-efbb-4f0f-addc-2028f60d1ca7;f0e74f49-a127-46b4-901b-f7b37e43c690;752;3RV20214NA20;DISJUNTOR INNOV 3RV2021-4NA20 23-28A;-1;1;1;2;0;0;0;0;0;false
3ced7cfa-efbb-4f0f-addc-2028f60d1ca7;f0e74f49-a127-46b4-901b-f7b37e43c690;737;5SV46420;DR 3PN 25A 300MA, AC, 5SV4 642-0;-1;1;3;4;0;0;0;0;0;false
3ced7cfa-efbb-4f0f-addc-2028f60d1ca7;f0e74f49-a127-46b4-901b-f7b37e43c690;879;GA50U4009ABA;CONVERSOR FREQ TRIF GA500, 400V, 8,9/7,3A, IP20;-1;1;1;2;0;0;0;0;0;false
3ced7cfa-efbb-4f0f-addc-2028f60d1ca7;f0e74f49-a127-46b4-901b-f7b37e43c690;1142;175001028246;HASTE ATERR 14,3-2400MM ALTA CAM IH-858 1986 58         INTELLI;-1;1;1;2;0;0;0;0;0;false
3ced7cfa-efbb-4f0f-addc-2028f60d1ca7;f0e74f49-a127-46b4-901b-f7b37e43c690;1102;12428110;DISJUNTOR-MOTOR AZ MPW40-3-D025 AZUL 1,6-2,5 A;-1;1;1;2;0;1;0;0;0;false
3ced7cfa-efbb-4f0f-addc-2028f60d1ca7;f0e74f49-a127-46b4-901b-f7b37e43c690;796;3RU21161CC0;RELE DE SOBRECARGA INNOV 1,8-2,5A S00;-1;1;1;2;0;0;0;0;0;false
3ced7cfa-efbb-4f0f-addc-2028f60d1ca7;f0e74f49-a127-46b4-901b-f7b37e43c690;804;3RT20261AC20;CONTATOR AC3:25A 1NA1NF 24V 5060HZ PF;-1;1;1;2;0;0;0;0;0;false
3ced7cfa-efbb-4f0f-addc-2028f60d1ca7;f0e74f49-a127-46b4-901b-f7b37e43c690;791;3RT25361AK60;CONTATOR 4P(2NA2NF) AC3:41A 120V60HZ PF;-1;1;1;2;0;0;0;0;0;false
3ced7cfa-efbb-4f0f-addc-2028f60d1ca7;f0e74f49-a127-46b4-901b-f7b37e43c690;788;3RH21221AF00;CONTATOR AUX. 2NA2NF 110V 5060HZ PF;-1;1;1;2;0;0;0;0;0;false
3ced7cfa-efbb-4f0f-addc-2028f60d1ca7;f0e74f49-a127-46b4-901b-f7b37e43c690;675;19095939;MOTOR ELETRICO TRIFASICO CA 7.5 HP 04 132S 220/380/440 C/ 12 TERM 50 HZ B14L(D) IP55 W22 W22 IE1 WFF2;-1;1;1;2;0;0;2;0;0;false
3ced7cfa-efbb-4f0f-addc-2028f60d1ca7;f0e74f49-a127-46b4-901b-f7b37e43c690;1101;10233130;SOFTSTARTER SSW07 SSW070171T5SZ;-1;1;1;2;0;1;0;0;0;false
3ced7cfa-efbb-4f0f-addc-2028f60d1ca7;f0e74f49-a127-46b4-901b-f7b37e43c690;692;3RT20281BB40;CONTATOR AC3:38A 1NA+1NF 24VCC PARAFUSO;-1;1;1;2;0;0;0;0;0;false
3ced7cfa-efbb-4f0f-addc-2028f60d1ca7;f0e74f49-a127-46b4-901b-f7b37e43c690;672;17911783;MOTOR ELETRICO TRIFASICO CA 15 HP 04 160M 220/380/440 C/ 12 TERM 50 HZ B3L(D) IP55 W22 W22 IE1 WFF2;-1;1;1;2;0;0;2;0;0;false
3ced7cfa-efbb-4f0f-addc-2028f60d1ca7;f0e74f49-a127-46b4-901b-f7b37e43c690;687;3LD34540TK53;SECC. 3P 63A VM 3LD3454-0TK53;-1;1;1;2;0;0;0;0;0;false